<!--
    Input:
        manifest.xml
        manifest.xml
        manifest_vendor.nxp.hardware_pn557.xml
-->
<manifest version="2.0" type="device" target-level="5">
    <hal format="hidl">
        <name>android.hardware.audio</name>
        <transport>hwbinder</transport>
        <version>6.0</version>
        <interface>
            <name>IDevicesFactory</name>
            <instance>default</instance>
        </interface>
        <fqname>@6.0::IDevicesFactory/default</fqname>
    </hal>
    <hal format="hidl">
        <name>android.hardware.audio.effect</name>
        <transport>hwbinder</transport>
        <version>6.0</version>
        <interface>
            <name>IEffectsFactory</name>
            <instance>default</instance>
        </interface>
        <fqname>@6.0::IEffectsFactory/default</fqname>
    </hal>
    <hal format="hidl">
        <name>android.hardware.bluetooth</name>
        <transport>hwbinder</transport>
        <version>1.0</version>
        <interface>
            <name>IBluetoothHci</name>
            <instance>default</instance>
        </interface>
        <fqname>@1.0::IBluetoothHci/default</fqname>
    </hal>
    <hal format="hidl">
        <name>android.hardware.camera.provider</name>
        <transport>hwbinder</transport>
        <version>2.4</version>
        <interface>
            <name>ICameraProvider</name>
            <instance>legacy/0</instance>
        </interface>
        <fqname>@2.4::ICameraProvider/legacy/0</fqname>
    </hal>
    <hal format="hidl">
        <name>android.hardware.drm</name>
        <transport>hwbinder</transport>
        <fqname>@1.3::ICryptoFactory/wfdhdcp</fqname>
        <fqname>@1.3::IDrmFactory/wfdhdcp</fqname>
    </hal>
    <hal format="hidl">
        <name>android.hardware.gatekeeper</name>
        <transport>hwbinder</transport>
        <version>1.0</version>
        <interface>
            <name>IGatekeeper</name>
            <instance>default</instance>
        </interface>
        <fqname>@1.0::IGatekeeper/default</fqname>
    </hal>
    <hal format="hidl">
        <name>android.hardware.ir</name>
        <transport>hwbinder</transport>
        <version>1.0</version>
        <interface>
            <name>IConsumerIr</name>
            <instance>default</instance>
        </interface>
        <fqname>@1.0::IConsumerIr/default</fqname>
    </hal>
    <hal format="hidl">
        <name>android.hardware.keymaster</name>
        <transport>hwbinder</transport>
        <version>4.1</version>
        <interface>
            <name>IKeymasterDevice</name>
            <instance>default</instance>
        </interface>
        <fqname>@4.1::IKeymasterDevice/default</fqname>
    </hal>
    <hal format="hidl">
        <name>android.hardware.media.omx</name>
        <transport>hwbinder</transport>
        <version>1.0</version>
        <interface>
            <name>IOmx</name>
            <instance>default</instance>
        </interface>
        <interface>
            <name>IOmxStore</name>
            <instance>default</instance>
        </interface>
        <fqname>@1.0::IOmx/default</fqname>
        <fqname>@1.0::IOmxStore/default</fqname>
    </hal>
    <hal format="hidl">
        <name>android.hardware.memtrack</name>
        <transport>hwbinder</transport>
        <version>1.0</version>
        <interface>
            <name>IMemtrack</name>
            <instance>default</instance>
        </interface>
        <fqname>@1.0::IMemtrack/default</fqname>
    </hal>
    <hal format="hidl">
        <name>android.hardware.radio</name>
        <transport>hwbinder</transport>
        <fqname>@1.2::ISap/slot1</fqname>
        <fqname>@1.2::ISap/slot2</fqname>
        <fqname>@1.5::IRadio/slot1</fqname>
        <fqname>@1.5::IRadio/slot2</fqname>
    </hal>
    <hal format="hidl">
        <name>android.hardware.radio.config</name>
        <transport>hwbinder</transport>
        <version>1.1</version>
        <interface>
            <name>IRadioConfig</name>
            <instance>default</instance>
        </interface>
        <fqname>@1.1::IRadioConfig/default</fqname>
    </hal>
    <hal format="hidl">
        <name>android.hardware.secure_element</name>
        <transport>hwbinder</transport>
        <version>1.2</version>
        <interface>
            <name>ISecureElement</name>
            <instance>SIM1</instance>
            <instance>SIM2</instance>
        </interface>
        <fqname>@1.2::ISecureElement/SIM1</fqname>
        <fqname>@1.2::ISecureElement/SIM2</fqname>
    </hal>
    <hal format="hidl">
        <name>android.hardware.soundtrigger</name>
        <transport>hwbinder</transport>
        <version>2.3</version>
        <interface>
            <name>ISoundTriggerHw</name>
            <instance>default</instance>
        </interface>
        <fqname>@2.3::ISoundTriggerHw/default</fqname>
    </hal>
    <hal format="hidl">
        <name>android.hardware.tetheroffload.config</name>
        <transport>hwbinder</transport>
        <version>1.0</version>
        <interface>
            <name>IOffloadConfig</name>
            <instance>default</instance>
        </interface>
        <fqname>@1.0::IOffloadConfig/default</fqname>
    </hal>
    <hal format="hidl">
        <name>android.hardware.tetheroffload.control</name>
        <transport>hwbinder</transport>
        <version>1.0</version>
        <interface>
            <name>IOffloadControl</name>
            <instance>default</instance>
        </interface>
        <fqname>@1.0::IOffloadControl/default</fqname>
    </hal>
    <hal format="hidl">
        <name>com.qualcomm.qti.dpm.api</name>
        <transport>hwbinder</transport>
        <version>1.0</version>
        <interface>
            <name>IdpmQmi</name>
            <instance>dpmQmiService</instance>
        </interface>
        <fqname>@1.0::IdpmQmi/dpmQmiService</fqname>
    </hal>
    <hal format="hidl">
        <name>com.qualcomm.qti.imscmservice</name>
        <transport>hwbinder</transport>
        <version>2.2</version>
        <interface>
            <name>IImsCmService</name>
            <instance>qti.ims.connectionmanagerservice</instance>
        </interface>
        <fqname>@2.2::IImsCmService/qti.ims.connectionmanagerservice</fqname>
    </hal>
    <hal format="hidl">
        <name>com.qualcomm.qti.uceservice</name>
        <transport>hwbinder</transport>
        <version>2.3</version>
        <interface>
            <name>IUceService</name>
            <instance>com.qualcomm.qti.uceservice</instance>
        </interface>
        <fqname>@2.3::IUceService/com.qualcomm.qti.uceservice</fqname>
    </hal>
    <hal format="hidl">
        <name>interfaces.factoryAta</name>
        <transport>hwbinder</transport>
        <version>1.0</version>
        <interface>
            <name>IFactoryAta</name>
            <instance>default</instance>
        </interface>
        <fqname>@1.0::IFactoryAta/default</fqname>
    </hal>
    <hal format="hidl">
        <name>interfaces.factoryInterface</name>
        <transport>hwbinder</transport>
        <version>1.0</version>
        <interface>
            <name>IFactoryInterface</name>
            <instance>default</instance>
        </interface>
        <fqname>@1.0::IFactoryInterface/default</fqname>
    </hal>
    <hal format="hidl">
        <name>vendor.goodix.hardware.biometrics.fingerprint</name>
        <transport>hwbinder</transport>
        <version>2.1</version>
        <interface>
            <name>IGoodixFingerprintDaemon</name>
            <instance>default</instance>
        </interface>
        <interface>
            <name>IGoodixFingerprintDaemonExt</name>
            <instance>default</instance>
        </interface>
    </hal>
    <hal format="hidl">
        <name>vendor.qti.data.factory</name>
        <transport>hwbinder</transport>
        <version>2.2</version>
        <interface>
            <name>IFactory</name>
            <instance>default</instance>
        </interface>
        <fqname>@2.2::IFactory/default</fqname>
    </hal>
    <hal format="hidl">
        <name>vendor.qti.hardware.alarm</name>
        <transport>hwbinder</transport>
        <version>1.0</version>
        <interface>
            <name>IAlarm</name>
            <instance>default</instance>
        </interface>
        <fqname>@1.0::IAlarm/default</fqname>
    </hal>
    <hal format="hidl">
        <name>vendor.qti.hardware.bluetooth_audio</name>
        <transport>hwbinder</transport>
        <version>2.1</version>
        <interface>
            <name>IBluetoothAudioProvidersFactory</name>
            <instance>default</instance>
        </interface>
    </hal>
    <hal format="hidl">
        <name>vendor.qti.hardware.bluetooth_sar</name>
        <transport>hwbinder</transport>
        <version>1.1</version>
        <interface>
            <name>IBluetoothSar</name>
            <instance>default</instance>
        </interface>
        <fqname>@1.1::IBluetoothSar/default</fqname>
    </hal>
    <hal format="hidl">
        <name>vendor.qti.hardware.btconfigstore</name>
        <transport>hwbinder</transport>
        <version>2.0</version>
        <interface>
            <name>IBTConfigStore</name>
            <instance>default</instance>
        </interface>
        <fqname>@2.0::IBTConfigStore/default</fqname>
    </hal>
    <hal format="hidl">
        <name>vendor.qti.hardware.cacert</name>
        <transport>hwbinder</transport>
        <version>1.0</version>
        <interface>
            <name>IService</name>
            <instance>default</instance>
        </interface>
        <fqname>@1.0::IService/default</fqname>
    </hal>
    <hal format="hidl">
        <name>vendor.qti.hardware.camera.postproc</name>
        <transport>hwbinder</transport>
        <version>1.0</version>
        <interface>
            <name>IPostProcService</name>
            <instance>camerapostprocservice</instance>
        </interface>
        <fqname>@1.0::IPostProcService/camerapostprocservice</fqname>
    </hal>
    <hal format="hidl">
        <name>vendor.qti.hardware.capabilityconfigstore</name>
        <transport>hwbinder</transport>
        <version>1.0</version>
        <interface>
            <name>ICapabilityConfigStore</name>
            <instance>default</instance>
        </interface>
        <fqname>@1.0::ICapabilityConfigStore/default</fqname>
    </hal>
    <hal format="hidl">
        <name>vendor.qti.hardware.data.connection</name>
        <transport>hwbinder</transport>
        <version>1.1</version>
        <interface>
            <name>IDataConnection</name>
            <instance>slot1</instance>
            <instance>slot2</instance>
        </interface>
        <fqname>@1.1::IDataConnection/slot1</fqname>
        <fqname>@1.1::IDataConnection/slot2</fqname>
    </hal>
    <hal format="hidl">
        <name>vendor.qti.hardware.data.iwlan</name>
        <transport>hwbinder</transport>
        <version>1.0</version>
        <interface>
            <name>IIWlan</name>
            <instance>slot1</instance>
            <instance>slot2</instance>
        </interface>
        <fqname>@1.0::IIWlan/slot1</fqname>
        <fqname>@1.0::IIWlan/slot2</fqname>
    </hal>
    <hal format="hidl">
        <name>vendor.qti.hardware.data.latency</name>
        <transport>hwbinder</transport>
        <version>1.0</version>
        <interface>
            <name>ILinkLatency</name>
            <instance>default</instance>
        </interface>
        <fqname>@1.0::ILinkLatency/default</fqname>
    </hal>
    <hal format="hidl">
        <name>vendor.qti.hardware.dsp</name>
        <transport>hwbinder</transport>
        <version>1.0</version>
        <interface>
            <name>IDspService</name>
            <instance>dspservice</instance>
        </interface>
        <fqname>@1.0::IDspService/dspservice</fqname>
    </hal>
    <hal format="hidl">
        <name>vendor.qti.hardware.eid</name>
        <transport>hwbinder</transport>
        <version>1.0</version>
        <interface>
            <name>IEid</name>
            <instance>default</instance>
        </interface>
        <fqname>@1.0::IEid/default</fqname>
    </hal>
    <hal format="hidl">
        <name>vendor.qti.hardware.embmssl</name>
        <transport>hwbinder</transport>
        <version>1.1</version>
        <interface>
            <name>IEmbms</name>
            <instance>embmsslServer0</instance>
        </interface>
        <fqname>@1.1::IEmbms/embmsslServer0</fqname>
    </hal>
    <hal format="hidl">
        <name>vendor.qti.hardware.factory</name>
        <transport>hwbinder</transport>
        <version>1.1</version>
        <interface>
            <name>IFactory</name>
            <instance>default</instance>
        </interface>
        <fqname>@1.1::IFactory/default</fqname>
    </hal>
    <hal format="hidl">
        <name>vendor.qti.hardware.fm</name>
        <transport>hwbinder</transport>
        <version>1.0</version>
        <interface>
            <name>IFmHci</name>
            <instance>default</instance>
        </interface>
        <fqname>@1.0::IFmHci/default</fqname>
    </hal>
    <hal format="hidl">
        <name>vendor.qti.hardware.fstman</name>
        <transport>hwbinder</transport>
        <version>1.0</version>
        <interface>
            <name>IFstManager</name>
            <instance>default</instance>
        </interface>
        <fqname>@1.0::IFstManager/default</fqname>
    </hal>
    <hal format="hidl">
        <name>vendor.qti.hardware.iop</name>
        <transport>hwbinder</transport>
        <version>2.0</version>
        <interface>
            <name>IIop</name>
            <instance>default</instance>
        </interface>
        <fqname>@2.0::IIop/default</fqname>
    </hal>
    <hal format="hidl">
        <name>vendor.qti.hardware.perf</name>
        <transport>hwbinder</transport>
        <version>2.2</version>
        <interface>
            <name>IPerf</name>
            <instance>default</instance>
        </interface>
        <fqname>@2.2::IPerf/default</fqname>
    </hal>
    <hal format="hidl">
        <name>vendor.qti.hardware.qccvndhal</name>
        <transport>hwbinder</transport>
        <version>1.0</version>
        <interface>
            <name>IQccvndhal</name>
            <instance>qccvndhal</instance>
        </interface>
        <fqname>@1.0::IQccvndhal/qccvndhal</fqname>
    </hal>
    <hal format="hidl">
        <name>vendor.qti.hardware.qseecom</name>
        <transport>hwbinder</transport>
        <version>1.0</version>
        <interface>
            <name>IQSEECom</name>
            <instance>default</instance>
        </interface>
        <fqname>@1.0::IQSEECom/default</fqname>
    </hal>
    <hal format="hidl">
        <name>vendor.qti.hardware.qteeconnector</name>
        <transport>hwbinder</transport>
        <version>1.0</version>
        <interface>
            <name>IAppConnector</name>
            <instance>default</instance>
        </interface>
        <interface>
            <name>IGPAppConnector</name>
            <instance>default</instance>
        </interface>
        <fqname>@1.0::IAppConnector/default</fqname>
        <fqname>@1.0::IGPAppConnector/default</fqname>
    </hal>
    <hal format="hidl">
        <name>vendor.qti.hardware.radio.am</name>
        <transport>hwbinder</transport>
        <version>1.0</version>
        <interface>
            <name>IQcRilAudio</name>
            <instance>slot1</instance>
            <instance>slot2</instance>
        </interface>
        <fqname>@1.0::IQcRilAudio/slot1</fqname>
        <fqname>@1.0::IQcRilAudio/slot2</fqname>
    </hal>
    <hal format="hidl">
        <name>vendor.qti.hardware.radio.ims</name>
        <transport>hwbinder</transport>
        <version>1.7</version>
        <interface>
            <name>IImsRadio</name>
            <instance>imsradio0</instance>
            <instance>imsradio1</instance>
        </interface>
        <fqname>@1.7::IImsRadio/imsradio0</fqname>
        <fqname>@1.7::IImsRadio/imsradio1</fqname>
    </hal>
    <hal format="hidl">
        <name>vendor.qti.hardware.radio.internal.deviceinfo</name>
        <transport>hwbinder</transport>
        <version>1.0</version>
        <interface>
            <name>IDeviceInfo</name>
            <instance>deviceinfo</instance>
        </interface>
        <fqname>@1.0::IDeviceInfo/deviceinfo</fqname>
    </hal>
    <hal format="hidl">
        <name>vendor.qti.hardware.radio.lpa</name>
        <transport>hwbinder</transport>
        <version>1.1</version>
        <interface>
            <name>IUimLpa</name>
            <instance>UimLpa0</instance>
            <instance>UimLpa1</instance>
        </interface>
        <fqname>@1.1::IUimLpa/UimLpa0</fqname>
        <fqname>@1.1::IUimLpa/UimLpa1</fqname>
    </hal>
    <hal format="hidl">
        <name>vendor.qti.hardware.radio.qcriNvOpt</name>
        <transport>hwbinder</transport>
        <version>1.0</version>
        <interface>
            <name>IqcriNvOpt</name>
            <instance>qcrinvopt0</instance>
            <instance>qcrinvopt1</instance>
        </interface>
        <fqname>@1.0::IqcriNvOpt/qcrinvopt0</fqname>
        <fqname>@1.0::IqcriNvOpt/qcrinvopt1</fqname>
    </hal>
    <hal format="hidl">
        <name>vendor.qti.hardware.radio.qcrilhook</name>
        <transport>hwbinder</transport>
        <version>1.0</version>
        <interface>
            <name>IQtiOemHook</name>
            <instance>oemhook0</instance>
            <instance>oemhook1</instance>
        </interface>
        <fqname>@1.0::IQtiOemHook/oemhook0</fqname>
        <fqname>@1.0::IQtiOemHook/oemhook1</fqname>
    </hal>
    <hal format="hidl">
        <name>vendor.qti.hardware.radio.qtiradio</name>
        <transport>hwbinder</transport>
        <version>1.0</version>
        <interface>
            <name>IQtiRadio</name>
            <instance>slot1</instance>
            <instance>slot2</instance>
        </interface>
        <fqname>@1.0::IQtiRadio/slot1</fqname>
        <fqname>@1.0::IQtiRadio/slot2</fqname>
    </hal>
    <hal format="hidl">
        <name>vendor.qti.hardware.radio.qtiradio</name>
        <transport>hwbinder</transport>
        <version>2.6</version>
        <interface>
            <name>IQtiRadio</name>
            <instance>slot1</instance>
            <instance>slot2</instance>
        </interface>
        <fqname>@2.6::IQtiRadio/slot1</fqname>
        <fqname>@2.6::IQtiRadio/slot2</fqname>
    </hal>
    <hal format="hidl">
        <name>vendor.qti.hardware.radio.uim</name>
        <transport>hwbinder</transport>
        <version>1.2</version>
        <interface>
            <name>IUim</name>
            <instance>Uim0</instance>
            <instance>Uim1</instance>
        </interface>
        <fqname>@1.2::IUim/Uim0</fqname>
        <fqname>@1.2::IUim/Uim1</fqname>
    </hal>
    <hal format="hidl">
        <name>vendor.qti.hardware.radio.uim_remote_client</name>
        <transport>hwbinder</transport>
        <version>1.0</version>
        <interface>
            <name>IUimRemoteServiceClient</name>
            <instance>uimRemoteClient0</instance>
            <instance>uimRemoteClient1</instance>
        </interface>
        <fqname>@1.0::IUimRemoteServiceClient/uimRemoteClient0</fqname>
        <fqname>@1.0::IUimRemoteServiceClient/uimRemoteClient1</fqname>
    </hal>
    <hal format="hidl">
        <name>vendor.qti.hardware.radio.uim_remote_server</name>
        <transport>hwbinder</transport>
        <version>1.0</version>
        <interface>
            <name>IUimRemoteServiceServer</name>
            <instance>uimRemoteServer0</instance>
            <instance>uimRemoteServer1</instance>
        </interface>
        <fqname>@1.0::IUimRemoteServiceServer/uimRemoteServer0</fqname>
        <fqname>@1.0::IUimRemoteServiceServer/uimRemoteServer1</fqname>
    </hal>
    <hal format="hidl">
        <name>vendor.qti.hardware.sensorscalibrate</name>
        <transport>hwbinder</transport>
        <version>1.0</version>
        <interface>
            <name>ISensorsCalibrate</name>
            <instance>default</instance>
        </interface>
        <fqname>@1.0::ISensorsCalibrate/default</fqname>
    </hal>
    <hal format="hidl">
        <name>vendor.qti.hardware.soter</name>
        <transport>hwbinder</transport>
        <version>1.0</version>
        <interface>
            <name>ISoter</name>
            <instance>default</instance>
        </interface>
        <fqname>@1.0::ISoter/default</fqname>
    </hal>
    <hal format="hidl">
        <name>vendor.qti.hardware.tui_comm</name>
        <transport>hwbinder</transport>
        <version>1.0</version>
        <interface>
            <name>ITuiComm</name>
            <instance>default</instance>
        </interface>
        <fqname>@1.0::ITuiComm/default</fqname>
    </hal>
    <hal format="hidl">
        <name>vendor.qti.hardware.wifi.wifilearner</name>
        <transport>hwbinder</transport>
        <version>1.0</version>
        <interface>
            <name>IWifiStats</name>
            <instance>wifiStats</instance>
        </interface>
        <fqname>@1.0::IWifiStats/wifiStats</fqname>
    </hal>
    <hal format="hidl">
        <name>vendor.qti.hardware.wifidisplaysession</name>
        <transport>hwbinder</transport>
        <version>1.0</version>
        <interface>
            <name>IWifiDisplaySession</name>
            <instance>wifidisplaysession</instance>
        </interface>
        <interface>
            <name>IWifiDisplaySessionAudioTrack</name>
            <instance>wifidisplaysessionaudiotrack</instance>
        </interface>
        <interface>
            <name>IWifiDisplaySessionImageTrack</name>
            <instance>wifidisplaysessionimagetrack</instance>
        </interface>
        <interface>
            <name>IWifiDisplaySessionVideoTrack</name>
            <instance>wifidisplaysessionvideotrack</instance>
        </interface>
        <fqname>@1.0::IWifiDisplaySession/wifidisplaysession</fqname>
        <fqname>@1.0::IWifiDisplaySessionAudioTrack/wifidisplaysessionaudiotrack</fqname>
        <fqname>@1.0::IWifiDisplaySessionImageTrack/wifidisplaysessionimagetrack</fqname>
        <fqname>@1.0::IWifiDisplaySessionVideoTrack/wifidisplaysessionvideotrack</fqname>
    </hal>
    <hal format="hidl">
        <name>vendor.qti.hardware.wigig.netperftuner</name>
        <transport>hwbinder</transport>
        <version>1.0</version>
        <interface>
            <name>INetPerfTuner</name>
            <instance>default</instance>
        </interface>
        <fqname>@1.0::INetPerfTuner/default</fqname>
    </hal>
    <hal format="hidl">
        <name>vendor.qti.hardware.wigig.supptunnel</name>
        <transport>hwbinder</transport>
        <version>1.0</version>
        <interface>
            <name>ISuppTunnelProvider</name>
            <instance>default</instance>
        </interface>
        <fqname>@1.0::ISuppTunnelProvider/default</fqname>
    </hal>
    <hal format="hidl">
        <name>vendor.qti.ims.callinfo</name>
        <transport>hwbinder</transport>
        <version>1.0</version>
        <interface>
            <name>IService</name>
            <instance>default</instance>
        </interface>
        <fqname>@1.0::IService/default</fqname>
    </hal>
    <hal format="hidl">
        <name>vendor.qti.ims.factory</name>
        <transport>hwbinder</transport>
        <version>1.1</version>
        <interface>
            <name>IImsFactory</name>
            <instance>default</instance>
        </interface>
        <fqname>@1.1::IImsFactory/default</fqname>
    </hal>
    <hal format="hidl">
        <name>vendor.qti.imsrtpservice</name>
        <transport>hwbinder</transport>
        <version>3.0</version>
        <interface>
            <name>IRTPService</name>
            <instance>imsrtpservice</instance>
        </interface>
        <fqname>@3.0::IRTPService/imsrtpservice</fqname>
    </hal>
    <hal format="hidl">
        <name>vendor.qti.qspmhal</name>
        <transport>hwbinder</transport>
        <version>1.0</version>
        <interface>
            <name>IQspmhal</name>
            <instance>default</instance>
        </interface>
        <fqname>@1.0::IQspmhal/default</fqname>
    </hal>
    <hal format="hidl">
        <name>vendor.silead.hardware.fingerprintext</name>
        <transport>hwbinder</transport>
         <version>1.0</version>
        <interface>
            <name>ISileadFingerprint</name>
            <instance>default</instance>
        </interface>
    </hal>
</manifest>
